{
  "VMT": {
    "mean": 94186856.92,
    "std": 4731252.056757125,
    "median": 96413230.6,
    "min": 85983765.0,
    "max": 97138033.6
  },
  "TTI": {
    "mean": 1.08,
    "std": 0.044721359549995836,
    "median": 1.1,
    "min": 1.0,
    "max": 1.1
  },
  "VHT": {
    "mean": 1706111.56,
    "std": 183310.757300255,
    "median": 1779180.2,
    "min": 1386513.6,
    "max": 1848453.1
  },
  "Delay": {
    "mean": 83428.78,
    "std": 40650.153974763736,
    "median": 82308.6,
    "min": 19219.6,
    "max": 125616.6
  }
}